model,scope,rho,percentile,gold_only_usd_mn,gold_plus_copper_usd_mn,paired_copper_increment_usd_mn
black_scholes,finite_5y_primary,0.0,5,2553.444518460621,4839.63677236339,96.2681875591238
black_scholes,finite_5y_primary,0.0,25,8119.24202298416,10615.11438104305,1162.8537921087127
black_scholes,finite_5y_primary,0.0,50,13174.918657843467,15794.084795991646,2241.2144628200276
black_scholes,finite_5y_primary,0.0,75,19700.481575677244,22540.711772869483,3607.499782160354
black_scholes,finite_5y_primary,0.0,95,32690.41271352617,35632.211642742346,6498.5192114494985
black_scholes,signed_perpetuity_sensitivity,0.0,5,-6427.573175324829,3428.8682408287686,-3256.2399702445327
black_scholes,signed_perpetuity_sensitivity,0.0,25,26364.770270424407,38528.35354369536,2819.1672899585174
black_scholes,signed_perpetuity_sensitivity,0.0,50,60096.53983657478,74328.73187403314,9524.017157593466
black_scholes,signed_perpetuity_sensitivity,0.0,75,108103.03001054857,123527.17404164508,19256.656592540276
black_scholes,signed_perpetuity_sensitivity,0.0,95,222174.65370110763,236061.93213525598,42510.800236896284
black_scholes,finite_5y_primary,-0.5,5,2553.444518460621,6015.878255584721,104.22663194703529
black_scholes,finite_5y_primary,-0.5,25,8119.24202298416,11242.26717319209,1155.3383948653063
black_scholes,finite_5y_primary,-0.5,50,13174.918657843467,15911.11928855106,2233.3009196388566
black_scholes,finite_5y_primary,-0.5,75,19700.481575677244,21829.158307222147,3617.214452907851
black_scholes,finite_5y_primary,-0.5,95,32690.41271352617,34537.21458146021,6654.047177166491
black_scholes,signed_perpetuity_sensitivity,-0.5,5,-6427.573175324829,12976.247956202542,-3312.502918112274
black_scholes,signed_perpetuity_sensitivity,-0.5,25,26364.770270424407,42955.96285241096,2810.936750650686
black_scholes,signed_perpetuity_sensitivity,-0.5,50,60096.53983657478,73870.22826564868,9491.81874127424
black_scholes,signed_perpetuity_sensitivity,-0.5,75,108103.03001054857,118556.57549701791,19369.767066550005
black_scholes,signed_perpetuity_sensitivity,-0.5,95,222174.65370110763,227393.24969676018,42491.540885562565
black_scholes,finite_5y_primary,0.5,5,2553.444518460621,3884.09560476033,84.46943647264608
black_scholes,finite_5y_primary,0.5,25,8119.24202298416,10142.145965464792,1162.8311530793612
black_scholes,finite_5y_primary,0.5,50,13174.918657843467,15709.633066873394,2236.1123130742817
black_scholes,finite_5y_primary,0.5,75,19700.481575677244,22805.691375690116,3584.7377819807502
black_scholes,finite_5y_primary,0.5,95,32690.41271352617,37006.23548742563,6483.314644571252
black_scholes,signed_perpetuity_sensitivity,0.5,5,-6427.573175324829,-4441.991169530461,-3299.4703649826547
black_scholes,signed_perpetuity_sensitivity,0.5,25,26364.770270424407,33978.545933426314,2856.0546686688053
black_scholes,signed_perpetuity_sensitivity,0.5,50,60096.53983657478,72287.11121715662,9545.56208698631
black_scholes,signed_perpetuity_sensitivity,0.5,75,108103.03001054857,125654.9977103507,19241.93449003846
black_scholes,signed_perpetuity_sensitivity,0.5,95,222174.65370110763,248308.4137092073,43076.27202935409
heston,finite_5y_primary,0.0,5,2118.6589544560784,4116.742121950596,-208.56719034010783
heston,finite_5y_primary,0.0,25,8025.505919288623,10141.8186372417,819.0936197708133
heston,finite_5y_primary,0.0,50,13078.601814956433,15628.288195617111,1823.7889516955074
heston,finite_5y_primary,0.0,75,19569.693465825418,22516.334996321133,3311.380132484056
heston,finite_5y_primary,0.0,95,33309.61201708803,36805.86621511735,7853.547466497184
heston,signed_perpetuity_sensitivity,0.0,5,-9393.738746236902,-3422.6739208277922,-6306.622850646198
heston,signed_perpetuity_sensitivity,0.0,25,25915.430505714332,34610.169218408555,-589.3055688902987
heston,signed_perpetuity_sensitivity,0.0,50,59773.38085299532,72363.97333686301,5843.428638757312
heston,signed_perpetuity_sensitivity,0.0,75,108693.43305819886,125980.78014964997,16372.017984293954
heston,signed_perpetuity_sensitivity,0.0,95,230115.16430092743,249773.87522486452,54006.78743483021
heston,finite_5y_primary,-0.5,5,2118.6589544560784,5539.36053708025,-190.97430804235273
heston,finite_5y_primary,-0.5,25,8025.505919288623,11019.088515862953,816.5470114367113
heston,finite_5y_primary,-0.5,50,13078.601814956433,15697.527412324982,1820.6517209817303
heston,finite_5y_primary,-0.5,75,19569.693465825418,21990.39160793853,3319.410208748457
heston,finite_5y_primary,-0.5,95,33309.61201708803,35086.886239216874,7999.409706594865
heston,signed_perpetuity_sensitivity,-0.5,5,-9393.738746236902,7639.763880020656,-6242.404503047746
heston,signed_perpetuity_sensitivity,-0.5,25,25915.430505714332,40867.12188729696,-643.0848130039194
heston,signed_perpetuity_sensitivity,-0.5,50,59773.38085299532,73797.19630181516,5867.659157888655
heston,signed_perpetuity_sensitivity,-0.5,75,108693.43305819886,120397.07169834315,16575.318859232004
heston,signed_perpetuity_sensitivity,-0.5,95,230115.16430092743,233497.94528675717,54409.7652135535
heston,finite_5y_primary,0.5,5,2118.6589544560784,3049.861658498047,-231.74318029797888
heston,finite_5y_primary,0.5,25,8025.505919288623,9658.785717403494,814.6547844805451
heston,finite_5y_primary,0.5,50,13078.601814956433,15267.074856083824,1826.6368816273625
heston,finite_5y_primary,0.5,75,19569.693465825418,22755.647054742454,3299.9888424176415
heston,finite_5y_primary,0.5,95,33309.61201708803,38594.620448288224,7816.9817450012215
heston,signed_perpetuity_sensitivity,0.5,5,-9393.738746236902,-9517.95032934234,-6264.682268569788
heston,signed_perpetuity_sensitivity,0.5,25,25915.430505714332,29803.58049745045,-601.3653181588461
heston,signed_perpetuity_sensitivity,0.5,50,59773.38085299532,69423.1619013166,5898.640913955685
heston,signed_perpetuity_sensitivity,0.5,75,108693.43305819886,127862.79763833761,16439.551220880792
heston,signed_perpetuity_sensitivity,0.5,95,230115.16430092743,261828.52350891609,54000.47819973557
bates_poisson,finite_5y_primary,0.0,5,2301.6564576142005,4328.42162055901,-210.5777036921646
bates_poisson,finite_5y_primary,0.0,25,8101.622085976784,10360.956674856534,810.933627029834
bates_poisson,finite_5y_primary,0.0,50,13125.173327062763,15582.556908417417,1860.562902614664
bates_poisson,finite_5y_primary,0.0,75,19477.475716649576,22396.46392659024,3426.956404815537
bates_poisson,finite_5y_primary,0.0,95,32848.54878168593,36821.19121432167,7998.33793950603
bates_poisson,signed_perpetuity_sensitivity,0.0,5,-7330.459621803524,-1356.691295173052,-6377.269313005804
bates_poisson,signed_perpetuity_sensitivity,0.0,25,26620.05670424825,35945.54810984386,-422.7272642386106
bates_poisson,signed_perpetuity_sensitivity,0.0,50,60056.29222673176,72189.91738079768,6047.172861241532
bates_poisson,signed_perpetuity_sensitivity,0.0,75,108562.78523903785,125198.79007642526,17106.678417260526
bates_poisson,signed_perpetuity_sensitivity,0.0,95,220253.099574611,247546.8916514778,54444.21262908537
bates_poisson,finite_5y_primary,-0.5,5,2301.6564576142005,5568.839303099917,-202.46840331572585
bates_poisson,finite_5y_primary,-0.5,25,8101.622085976784,10995.863736575746,806.7481101979299
bates_poisson,finite_5y_primary,-0.5,50,13125.173327062763,15852.040763193883,1855.5968457004021
bates_poisson,finite_5y_primary,-0.5,75,19477.475716649576,21918.605335619748,3431.3286196991876
bates_poisson,finite_5y_primary,-0.5,95,32848.54878168593,34787.83296705132,8042.800323081182
bates_poisson,signed_perpetuity_sensitivity,-0.5,5,-7330.459621803524,8981.506639676447,-6274.37936542246
bates_poisson,signed_perpetuity_sensitivity,-0.5,25,26620.05670424825,42022.92937109123,-447.0139438017668
bates_poisson,signed_perpetuity_sensitivity,-0.5,50,60056.29222673176,74636.02167182066,6039.167940911826
bates_poisson,signed_perpetuity_sensitivity,-0.5,75,108562.78523903785,120782.42497114404,17131.696807509736
bates_poisson,signed_perpetuity_sensitivity,-0.5,95,220253.099574611,229863.973963251,54471.39760122765
bates_poisson,finite_5y_primary,0.5,5,2301.6564576142005,3369.475326546446,-238.81157202671105
bates_poisson,finite_5y_primary,0.5,25,8101.622085976784,9787.382188326235,806.4005077262314
bates_poisson,finite_5y_primary,0.5,50,13125.173327062763,15426.449591103017,1849.5320664885949
bates_poisson,finite_5y_primary,0.5,75,19477.475716649576,22698.646373622305,3402.0756942994844
bates_poisson,finite_5y_primary,0.5,95,32848.54878168593,38284.42555411557,7873.547327925418
bates_poisson,signed_perpetuity_sensitivity,0.5,5,-7330.459621803524,-7975.689483328805,-6389.656869942926
bates_poisson,signed_perpetuity_sensitivity,0.5,25,26620.05670424825,30934.064915942516,-415.26841313895375
bates_poisson,signed_perpetuity_sensitivity,0.5,50,60056.29222673176,70011.02754684105,6069.180593483555
bates_poisson,signed_perpetuity_sensitivity,0.5,75,108562.78523903785,127209.02634250252,16992.972651057164
bates_poisson,signed_perpetuity_sensitivity,0.5,95,220253.099574611,259225.03618127154,54131.33870167985
full_bates_hawkes,finite_5y_primary,0.0,5,2035.659850124677,3910.6495341873033,-225.6803360344771
full_bates_hawkes,finite_5y_primary,0.0,25,8003.776131967339,10105.198252252341,834.0346197659978
full_bates_hawkes,finite_5y_primary,0.0,50,12910.134890655896,15559.322256297231,1845.995028259429
full_bates_hawkes,finite_5y_primary,0.0,75,19615.87329629593,22564.256579761837,3401.288693530627
full_bates_hawkes,finite_5y_primary,0.0,95,33366.84245908296,37171.015604132204,8144.858862315312
full_bates_hawkes,signed_perpetuity_sensitivity,0.0,5,-9940.448304092422,-3529.280729537748,-6545.321299894189
full_bates_hawkes,signed_perpetuity_sensitivity,0.0,25,24885.12178433101,33864.82167086861,-477.00179669518184
full_bates_hawkes,signed_perpetuity_sensitivity,0.0,50,58879.42927436468,71083.37575416964,6048.015133402008
full_bates_hawkes,signed_perpetuity_sensitivity,0.0,75,109305.42161344331,126466.41809674999,17003.540914339137
full_bates_hawkes,signed_perpetuity_sensitivity,0.0,95,225128.5126218542,250768.76769337698,54184.35562988302
full_bates_hawkes,finite_5y_primary,-0.5,5,2035.659850124677,5363.433610271211,-206.45319354852123
full_bates_hawkes,finite_5y_primary,-0.5,25,8003.776131967339,10946.421580588589,831.8604074702621
full_bates_hawkes,finite_5y_primary,-0.5,50,12910.134890655896,15614.410416297296,1833.2113113575006
full_bates_hawkes,finite_5y_primary,-0.5,75,19615.87329629593,22008.98398854029,3411.919832354867
full_bates_hawkes,finite_5y_primary,-0.5,95,33366.84245908296,35350.5801792129,8174.537251644824
full_bates_hawkes,signed_perpetuity_sensitivity,-0.5,5,-9940.448304092422,7752.075122505974,-6305.721057263445
full_bates_hawkes,signed_perpetuity_sensitivity,-0.5,25,24885.12178433101,40443.66532692875,-443.0996182551262
full_bates_hawkes,signed_perpetuity_sensitivity,-0.5,50,58879.42927436468,72336.33898762749,6055.225325446245
full_bates_hawkes,signed_perpetuity_sensitivity,-0.5,75,109305.42161344331,121845.31366857969,16802.534446791185
full_bates_hawkes,signed_perpetuity_sensitivity,-0.5,95,225128.5126218542,232401.68162381413,53912.73033739991
full_bates_hawkes,finite_5y_primary,0.5,5,2035.659850124677,2943.488233043085,-254.67583481241113
full_bates_hawkes,finite_5y_primary,0.5,25,8003.776131967339,9570.766440550742,833.7686818967999
full_bates_hawkes,finite_5y_primary,0.5,50,12910.134890655896,15185.962541502075,1833.4521918137398
full_bates_hawkes,finite_5y_primary,0.5,75,19615.87329629593,22745.179535284777,3366.419491422117
full_bates_hawkes,finite_5y_primary,0.5,95,33366.84245908296,38805.48524083833,8062.989558758503
full_bates_hawkes,signed_perpetuity_sensitivity,0.5,5,-9940.448304092422,-10726.44393602664,-6447.501482302463
full_bates_hawkes,signed_perpetuity_sensitivity,0.5,25,24885.12178433101,29190.88020400719,-461.6764466294562
full_bates_hawkes,signed_perpetuity_sensitivity,0.5,50,58879.42927436468,68239.74220987588,6038.192107615312
full_bates_hawkes,signed_perpetuity_sensitivity,0.5,75,109305.42161344331,127575.87881163719,16951.52760900833
full_bates_hawkes,signed_perpetuity_sensitivity,0.5,95,225128.5126218542,264242.0357283543,53198.24394863348
