model,scope,terminal_score_rho_assumption,paths,gold_only_mean_usd_mn,gold_plus_copper_mean_usd_mn,paired_copper_increment_mean_usd_mn,gold_plus_copper_median_usd_mn,gold_plus_copper_sd_usd_mn,mc_mean_increment_se_usd_mn
black_scholes,finite_5y_primary,0.0,8192,14857.02127567949,17483.603538526448,2626.5822628469596,15794.084795991646,9935.856882803888,22.95540226268102
black_scholes,signed_perpetuity_sensitivity,0.0,8192,78256.27419405105,91506.4338119789,13250.159617927853,74328.73187403314,80274.29780334115,171.57819355286304
black_scholes,finite_5y_primary,-0.5,8192,14857.02127567949,17497.109310794436,2640.088035114947,15911.11928855106,9206.93880197514,23.2704348711691
black_scholes,signed_perpetuity_sensitivity,-0.5,8192,78256.27419405105,91525.78390284863,13269.509708797592,73870.22826564868,74672.07514323661,172.19561454906332
black_scholes,finite_5y_primary,0.5,8192,14857.02127567949,17471.075599035532,2614.054323356043,15709.633066873394,10680.13174645822,22.858673159937
black_scholes,signed_perpetuity_sensitivity,0.5,8192,78256.27419405105,91535.60032435902,13279.326130307963,72287.11121715662,86914.7709697328,174.25103883447127
heston,finite_5y_primary,0.0,8192,14846.862464096805,17465.08902468166,2618.226560584859,15628.288195617111,10657.738619272193,39.36256123316022
heston,signed_perpetuity_sensitivity,0.0,8192,78473.98268578594,91737.39050291192,13263.407817125979,72363.97333686301,89667.5198752616,421.64195511239984
heston,finite_5y_primary,-0.5,8192,14846.862464096805,17487.7531755174,2640.890711420594,15697.527412324982,9797.21680972766,40.14164181760336
heston,signed_perpetuity_sensitivity,-0.5,8192,78473.98268578594,91935.71642568633,13461.733739900385,73797.19630181516,84217.735361345,472.0234717452517
heston,finite_5y_primary,0.5,8192,14846.862464096805,17448.202220931038,2601.339756834238,15267.074856083824,11750.020496578807,39.3613930381493
heston,signed_perpetuity_sensitivity,0.5,8192,78473.98268578594,91788.01343465137,13314.030748865422,69423.1619013166,99412.89543078588,400.60242514487874
bates_poisson,finite_5y_primary,0.0,8192,14746.258011762613,17409.377796671113,2663.1197849084974,15582.556908417417,10446.328851191305,40.3684624006555
bates_poisson,signed_perpetuity_sensitivity,0.0,8192,77174.70561434791,90975.34011136925,13800.634497021338,72189.91738079768,83147.71109960445,379.89104075456515
bates_poisson,finite_5y_primary,-0.5,8192,14746.258011762613,17429.036781935843,2682.778770173227,15852.040763193883,9470.622076104139,40.91990470939527
bates_poisson,signed_perpetuity_sensitivity,-0.5,8192,77174.70561434791,91060.5333815887,13885.827767240786,74636.02167182066,74516.75896741774,389.3353362083998
bates_poisson,finite_5y_primary,0.5,8192,14746.258011762613,17393.66400003211,2647.4059882694937,15426.449591103017,11432.95194863459,40.59061629599841
bates_poisson,signed_perpetuity_sensitivity,0.5,8192,77174.70561434791,90964.75251396047,13790.046899612547,70011.02754684105,92338.94567713096,386.79739167187535
full_bates_hawkes,finite_5y_primary,0.0,8192,14775.68225432896,17416.99575265569,2641.3134983267328,15559.322256297231,10713.638522285873,37.07965889277516
full_bates_hawkes,signed_perpetuity_sensitivity,0.0,8192,77880.88418358227,91434.98214777462,13554.097964192351,71083.37575416964,87533.12760119722,366.5575004412044
full_bates_hawkes,finite_5y_primary,-0.5,8192,14775.68225432896,17437.1607229672,2661.4784686382445,15614.410416297296,9776.728037537985,37.330365943516014
full_bates_hawkes,signed_perpetuity_sensitivity,-0.5,8192,77880.88418358227,91370.16526266348,13489.281079081218,72336.33898762749,79208.96850119112,357.31912213315644
full_bates_hawkes,finite_5y_primary,0.5,8192,14775.68225432896,17397.867279077167,2622.1850247482093,15185.962541502075,11688.19716253421,36.88605092886364
full_bates_hawkes,signed_perpetuity_sensitivity,0.5,8192,77880.88418358227,91344.41288563408,13463.528702051819,68239.74220987588,96853.44977787304,357.2085253863051
