model,forward_quarter,target_conditional_mean_usd_per_lb,sample_mean_usd_per_lb,sample_mean_se,mean_deviation_se_units,zero_or_nonfinite_paths
black_scholes,1,6.608750000000001,6.600447759901367,0.009930389796036342,-0.8360437273013881,0
black_scholes,2,6.679152034264573,6.675798343024627,0.014349132653980435,-0.23372083322510634,0
black_scholes,3,6.773999999999999,6.762923450791713,0.01785776870951199,-0.620265016781525,0
black_scholes,4,6.773999999999999,6.771419551712631,0.020853553955743183,-0.12374141562846043,0
black_scholes,5,6.773999999999999,6.78018711844442,0.02355843220773964,0.26262861593941095,0
black_scholes,6,6.773999999999999,6.78968892920048,0.02604563720239115,0.602363039866062,0
black_scholes,7,6.773999999999999,6.763053647388334,0.0278505784641255,-0.3930386087227934,0
black_scholes,8,6.773999999999999,6.7576196493261715,0.02948983507331228,-0.5554575206373904,0
black_scholes,9,6.773999999999999,6.739461820392019,0.03146186083512642,-1.097779301388918,0
black_scholes,10,6.773999999999999,6.719841603836274,0.03341870977664844,-1.620601050300531,0
black_scholes,11,6.773999999999999,6.715847458160209,0.03482302382784494,-1.6699452100219696,0
black_scholes,12,6.773999999999999,6.697172908825124,0.03627454338825275,-2.117934066118536,0
black_scholes,13,6.773999999999999,6.670186146792299,0.0373571267117303,-2.778957118645363,0
black_scholes,14,6.773999999999999,6.671685313443172,0.03909142155158665,-2.6173181351772663,0
black_scholes,15,6.773999999999999,6.659304883139024,0.04028080883823895,-2.8473886242347293,0
black_scholes,16,6.773999999999999,6.665944202340823,0.04180549726074742,-2.5847270033702836,0
black_scholes,17,6.773999999999999,6.669449904128013,0.04370845427853819,-2.391987948274869,0
black_scholes,18,6.773999999999999,6.680967409150842,0.04554208711337398,-2.042782769651262,0
black_scholes,19,6.773999999999999,6.676252253807392,0.04708406288834584,-2.0760261582439106,0
black_scholes,20,6.773999999999999,6.678493059525351,0.04866750939657692,-1.9624373973278646,0
heston,1,6.608750000000001,6.606113598173344,0.0097429888717863,-0.2705947693618673,0
heston,2,6.679152034264573,6.677183733462407,0.015033746558285857,-0.13092550114071227,0
heston,3,6.773999999999999,6.778422401382638,0.020258936297029014,0.21829385895682982,0
heston,4,6.773999999999999,6.748807392522851,0.024349538161441225,-1.0346236265393347,0
heston,5,6.773999999999999,6.73833414789522,0.029017064083765955,-1.2291337263418485,0
heston,6,6.773999999999999,6.719442045943836,0.03225325147804771,-1.6915489619177249,0
heston,7,6.773999999999999,6.703603015433518,0.03644269669309853,-1.9317172150932798,0
heston,8,6.773999999999999,6.707754328613598,0.041007257694299644,-1.6154621184437246,0
heston,9,6.773999999999999,6.6954394541728375,0.04447438752275477,-1.766422208444515,0
heston,10,6.773999999999999,6.714818734714518,0.05061918728636642,-1.1691468879315838,0
heston,11,6.773999999999999,6.730784758263811,0.06015666772961809,-0.7183782507772021,0
heston,12,6.773999999999999,6.696006058175312,0.061894793799488555,-1.2601050433636207,0
heston,13,6.773999999999999,6.689211429171633,0.06461554064343077,-1.3122009037463125,0
heston,14,6.773999999999999,6.67739851061914,0.07092598183133189,-1.3620042597448392,0
heston,15,6.773999999999999,6.630839256916343,0.07576544784323451,-1.8895254652208786,0
heston,16,6.773999999999999,6.599146890299017,0.07512596834596652,-2.327465636060184,0
heston,17,6.773999999999999,6.617138279982139,0.08537113749938563,-1.837409276864661,0
heston,18,6.773999999999999,6.654311220626631,0.11313064099308352,-1.057969603307436,0
heston,19,6.773999999999999,6.700587111403257,0.12202911595814527,-0.6016014130752376,0
heston,20,6.773999999999999,6.816797288667948,0.16511133027827582,0.25920261556744456,0
bates_poisson,1,6.608750000000001,6.588853041935868,0.009877854821270278,-2.0142995037027123,0
bates_poisson,2,6.679152034264573,6.657164743309875,0.015189528577709537,-1.4475295162855792,0
bates_poisson,3,6.773999999999999,6.733716619109261,0.01964111086135745,-2.0509726346483252,0
bates_poisson,4,6.773999999999999,6.723137958233189,0.023421680555108737,-2.171579517837628,0
bates_poisson,5,6.773999999999999,6.720045204967457,0.027390543883503458,-1.969832919785047,0
bates_poisson,6,6.773999999999999,6.737838829782014,0.033065926995152,-1.0936082397837261,0
bates_poisson,7,6.773999999999999,6.746382507582697,0.03711406464902063,-0.7441247052424531,0
bates_poisson,8,6.773999999999999,6.736009459108914,0.041838449995417644,-0.90802935804855,0
bates_poisson,9,6.773999999999999,6.738896835141155,0.04867859585980114,-0.7211211465495965,0
bates_poisson,10,6.773999999999999,6.742552076933498,0.05488939969263577,-0.5729325378415583,0
bates_poisson,11,6.773999999999999,6.738261328872079,0.06134653542595578,-0.5825703257693451,0
bates_poisson,12,6.773999999999999,6.743637143785046,0.06870955689692147,-0.44190149938681655,0
bates_poisson,13,6.773999999999999,6.751945081537988,0.06984029144853866,-0.31579075637538173,0
bates_poisson,14,6.773999999999999,6.7592929340994665,0.07419664024622338,-0.19821741054213304,0
bates_poisson,15,6.773999999999999,6.767532563587806,0.08285139149822734,-0.07806068546635873,0
bates_poisson,16,6.773999999999999,6.802795308599768,0.08965046198821465,0.32119531747146973,0
bates_poisson,17,6.773999999999999,6.78014488769669,0.0915338987852984,0.0671323714846302,0
bates_poisson,18,6.773999999999999,6.804710274589283,0.10622416811477813,0.2891081675132582,0
bates_poisson,19,6.773999999999999,6.8178647255744425,0.11059437059096743,0.396627109861466,0
bates_poisson,20,6.773999999999999,6.898109746127302,0.12528292507220215,0.990635763459201,0
full_bates_hawkes,1,6.608750000000001,6.6048094447836645,0.009771593254340266,-0.4032663981982456,0
full_bates_hawkes,2,6.679152034264573,6.666073372531932,0.014948042950087958,-0.8749414071333951,0
full_bates_hawkes,3,6.773999999999999,6.766650880879835,0.020047981901515986,-0.3665765041222568,0
full_bates_hawkes,4,6.773999999999999,6.76421976498766,0.024745031686933833,-0.3952403511167765,0
full_bates_hawkes,5,6.773999999999999,6.750408367564738,0.029184052487704764,-0.8083741092913789,0
full_bates_hawkes,6,6.773999999999999,6.746374387489299,0.034994054530743994,-0.7894373167427609,0
full_bates_hawkes,7,6.773999999999999,6.725373083988714,0.03841106447162969,-1.2659611671840236,0
full_bates_hawkes,8,6.773999999999999,6.739019500859424,0.04591817638306021,-0.7618007049922795,0
full_bates_hawkes,9,6.773999999999999,6.723566707994463,0.05039788862167067,-1.0007024775210573,0
full_bates_hawkes,10,6.773999999999999,6.720820668503208,0.05051609191832232,-1.052720617873108,0
full_bates_hawkes,11,6.773999999999999,6.738624359343065,0.05587891595226559,-0.6330767169347635,0
full_bates_hawkes,12,6.773999999999999,6.736136184274577,0.05894530441182847,-0.6423550799039389,0
full_bates_hawkes,13,6.773999999999999,6.689745303898958,0.06148800078690908,-1.3702624092956246,0
full_bates_hawkes,14,6.773999999999999,6.698538003555964,0.06594011521338773,-1.1444019501609024,0
full_bates_hawkes,15,6.773999999999999,6.765089624054068,0.0748514747379962,-0.11904075340025833,0
full_bates_hawkes,16,6.773999999999999,6.706987684279243,0.0769653727766907,-0.8706813636203325,0
full_bates_hawkes,17,6.773999999999999,6.730302319502672,0.08510568837718295,-0.5134519364165353,0
full_bates_hawkes,18,6.773999999999999,6.714008755761293,0.09328044658424572,-0.6431277554457789,0
full_bates_hawkes,19,6.773999999999999,6.712930993141222,0.11086382966716264,-0.5508469898804671,0
full_bates_hawkes,20,6.773999999999999,6.724931299456584,0.12100596601043376,-0.40550645692283,0
