time_years,conditional_forward_anchor_usd_per_lb,beyond_observed_support
0.0,6.608750000000001,False
0.019230769230769232,6.608750000000001,False
0.038461538461538464,6.608750000000001,False
0.057692307692307696,6.608750000000001,False
0.07692307692307693,6.608750000000001,False
0.09615384615384616,6.608750000000001,False
0.11538461538461539,6.608750000000001,False
0.13461538461538464,6.608750000000001,False
0.15384615384615385,6.608750000000001,False
0.17307692307692307,6.608750000000001,False
0.19230769230769232,6.608750000000001,False
0.21153846153846156,6.608750000000001,False
0.23076923076923078,6.608750000000001,False
0.25,6.608750000000001,False
0.2692307692307693,6.608750000000001,False
0.2884615384615385,6.608750000000001,False
0.3076923076923077,6.608750000000001,False
0.3269230769230769,6.610276637968926,False
0.34615384615384615,6.617894251367443,False
0.3653846153846154,6.625520643223666,False
0.38461538461538464,6.633155823653796,False
0.40384615384615385,6.640799802785696,False
0.42307692307692313,6.648452590758895,False
0.44230769230769235,6.656114197724611,False
0.46153846153846156,6.663784633845759,False
0.4807692307692308,6.6714639092969605,False
0.5,6.679152034264573,False
0.5192307692307693,6.68684901894668,False
0.5384615384615385,6.6945548735531295,False
0.5576923076923077,6.7022696083055235,False
0.576923076923077,6.710128534473672,False
0.5961538461538461,6.718210880033244,False
0.6153846153846154,6.72630296077291,False
0.6346153846153847,6.73440478841869,False
0.6538461538461539,6.742516374710727,False
0.6730769230769231,6.7506377314033,False
0.6923076923076923,6.758768870264855,False
0.7115384615384616,6.766909803078004,False
0.7307692307692308,6.773999999999999,True
0.75,6.773999999999999,True
0.7692307692307693,6.773999999999999,True
0.7884615384615385,6.773999999999999,True
0.8076923076923077,6.773999999999999,True
0.826923076923077,6.773999999999999,True
0.8461538461538463,6.773999999999999,True
0.8653846153846154,6.773999999999999,True
0.8846153846153847,6.773999999999999,True
0.9038461538461539,6.773999999999999,True
0.9230769230769231,6.773999999999999,True
0.9423076923076924,6.773999999999999,True
0.9615384615384616,6.773999999999999,True
0.9807692307692308,6.773999999999999,True
1.0,6.773999999999999,True
1.0192307692307694,6.773999999999999,True
1.0384615384615385,6.773999999999999,True
1.0576923076923077,6.773999999999999,True
1.076923076923077,6.773999999999999,True
1.0961538461538463,6.773999999999999,True
1.1153846153846154,6.773999999999999,True
1.1346153846153846,6.773999999999999,True
1.153846153846154,6.773999999999999,True
1.1730769230769231,6.773999999999999,True
1.1923076923076923,6.773999999999999,True
1.2115384615384617,6.773999999999999,True
1.2307692307692308,6.773999999999999,True
1.25,6.773999999999999,True
1.2692307692307694,6.773999999999999,True
1.2884615384615385,6.773999999999999,True
1.3076923076923077,6.773999999999999,True
1.326923076923077,6.773999999999999,True
1.3461538461538463,6.773999999999999,True
1.3653846153846154,6.773999999999999,True
1.3846153846153846,6.773999999999999,True
1.403846153846154,6.773999999999999,True
1.4230769230769231,6.773999999999999,True
1.4423076923076923,6.773999999999999,True
1.4615384615384617,6.773999999999999,True
1.4807692307692308,6.773999999999999,True
1.5,6.773999999999999,True
1.5192307692307694,6.773999999999999,True
1.5384615384615385,6.773999999999999,True
1.5576923076923077,6.773999999999999,True
1.576923076923077,6.773999999999999,True
1.5961538461538463,6.773999999999999,True
1.6153846153846154,6.773999999999999,True
1.6346153846153848,6.773999999999999,True
1.653846153846154,6.773999999999999,True
1.6730769230769231,6.773999999999999,True
1.6923076923076925,6.773999999999999,True
1.7115384615384617,6.773999999999999,True
1.7307692307692308,6.773999999999999,True
1.75,6.773999999999999,True
1.7692307692307694,6.773999999999999,True
1.7884615384615385,6.773999999999999,True
1.8076923076923077,6.773999999999999,True
1.826923076923077,6.773999999999999,True
1.8461538461538463,6.773999999999999,True
1.8653846153846154,6.773999999999999,True
1.8846153846153848,6.773999999999999,True
1.903846153846154,6.773999999999999,True
1.9230769230769231,6.773999999999999,True
1.9423076923076925,6.773999999999999,True
1.9615384615384617,6.773999999999999,True
1.9807692307692308,6.773999999999999,True
2.0,6.773999999999999,True
2.019230769230769,6.773999999999999,True
2.0384615384615388,6.773999999999999,True
2.057692307692308,6.773999999999999,True
2.076923076923077,6.773999999999999,True
2.0961538461538463,6.773999999999999,True
2.1153846153846154,6.773999999999999,True
2.1346153846153846,6.773999999999999,True
2.153846153846154,6.773999999999999,True
2.1730769230769234,6.773999999999999,True
2.1923076923076925,6.773999999999999,True
2.2115384615384617,6.773999999999999,True
2.230769230769231,6.773999999999999,True
2.25,6.773999999999999,True
2.269230769230769,6.773999999999999,True
2.2884615384615388,6.773999999999999,True
2.307692307692308,6.773999999999999,True
2.326923076923077,6.773999999999999,True
2.3461538461538463,6.773999999999999,True
2.3653846153846154,6.773999999999999,True
2.3846153846153846,6.773999999999999,True
2.403846153846154,6.773999999999999,True
2.4230769230769234,6.773999999999999,True
2.4423076923076925,6.773999999999999,True
2.4615384615384617,6.773999999999999,True
2.480769230769231,6.773999999999999,True
2.5,6.773999999999999,True
2.519230769230769,6.773999999999999,True
2.5384615384615388,6.773999999999999,True
2.557692307692308,6.773999999999999,True
2.576923076923077,6.773999999999999,True
2.5961538461538463,6.773999999999999,True
2.6153846153846154,6.773999999999999,True
2.6346153846153846,6.773999999999999,True
2.653846153846154,6.773999999999999,True
2.6730769230769234,6.773999999999999,True
2.6923076923076925,6.773999999999999,True
2.7115384615384617,6.773999999999999,True
2.730769230769231,6.773999999999999,True
2.75,6.773999999999999,True
2.769230769230769,6.773999999999999,True
2.7884615384615388,6.773999999999999,True
2.807692307692308,6.773999999999999,True
2.826923076923077,6.773999999999999,True
2.8461538461538463,6.773999999999999,True
2.8653846153846154,6.773999999999999,True
2.8846153846153846,6.773999999999999,True
2.903846153846154,6.773999999999999,True
2.9230769230769234,6.773999999999999,True
2.9423076923076925,6.773999999999999,True
2.9615384615384617,6.773999999999999,True
2.980769230769231,6.773999999999999,True
3.0,6.773999999999999,True
3.0192307692307696,6.773999999999999,True
3.0384615384615388,6.773999999999999,True
3.057692307692308,6.773999999999999,True
3.076923076923077,6.773999999999999,True
3.0961538461538463,6.773999999999999,True
3.1153846153846154,6.773999999999999,True
3.1346153846153846,6.773999999999999,True
3.153846153846154,6.773999999999999,True
3.1730769230769234,6.773999999999999,True
3.1923076923076925,6.773999999999999,True
3.2115384615384617,6.773999999999999,True
3.230769230769231,6.773999999999999,True
3.25,6.773999999999999,True
3.2692307692307696,6.773999999999999,True
3.2884615384615388,6.773999999999999,True
3.307692307692308,6.773999999999999,True
3.326923076923077,6.773999999999999,True
3.3461538461538463,6.773999999999999,True
3.3653846153846154,6.773999999999999,True
3.384615384615385,6.773999999999999,True
3.403846153846154,6.773999999999999,True
3.4230769230769234,6.773999999999999,True
3.4423076923076925,6.773999999999999,True
3.4615384615384617,6.773999999999999,True
3.480769230769231,6.773999999999999,True
3.5,6.773999999999999,True
3.5192307692307696,6.773999999999999,True
3.5384615384615388,6.773999999999999,True
3.557692307692308,6.773999999999999,True
3.576923076923077,6.773999999999999,True
3.5961538461538463,6.773999999999999,True
3.6153846153846154,6.773999999999999,True
3.634615384615385,6.773999999999999,True
3.653846153846154,6.773999999999999,True
3.6730769230769234,6.773999999999999,True
3.6923076923076925,6.773999999999999,True
3.7115384615384617,6.773999999999999,True
3.730769230769231,6.773999999999999,True
3.75,6.773999999999999,True
3.7692307692307696,6.773999999999999,True
3.7884615384615388,6.773999999999999,True
3.807692307692308,6.773999999999999,True
3.826923076923077,6.773999999999999,True
3.8461538461538463,6.773999999999999,True
3.8653846153846154,6.773999999999999,True
3.884615384615385,6.773999999999999,True
3.903846153846154,6.773999999999999,True
3.9230769230769234,6.773999999999999,True
3.9423076923076925,6.773999999999999,True
3.9615384615384617,6.773999999999999,True
3.980769230769231,6.773999999999999,True
4.0,6.773999999999999,True
4.019230769230769,6.773999999999999,True
4.038461538461538,6.773999999999999,True
4.0576923076923075,6.773999999999999,True
4.0769230769230775,6.773999999999999,True
4.096153846153847,6.773999999999999,True
4.115384615384616,6.773999999999999,True
4.134615384615385,6.773999999999999,True
4.153846153846154,6.773999999999999,True
4.173076923076923,6.773999999999999,True
4.1923076923076925,6.773999999999999,True
4.211538461538462,6.773999999999999,True
4.230769230769231,6.773999999999999,True
4.25,6.773999999999999,True
4.269230769230769,6.773999999999999,True
4.288461538461538,6.773999999999999,True
4.307692307692308,6.773999999999999,True
4.3269230769230775,6.773999999999999,True
4.346153846153847,6.773999999999999,True
4.365384615384616,6.773999999999999,True
4.384615384615385,6.773999999999999,True
4.403846153846154,6.773999999999999,True
4.423076923076923,6.773999999999999,True
4.4423076923076925,6.773999999999999,True
4.461538461538462,6.773999999999999,True
4.480769230769231,6.773999999999999,True
4.5,6.773999999999999,True
4.519230769230769,6.773999999999999,True
4.538461538461538,6.773999999999999,True
4.557692307692308,6.773999999999999,True
4.5769230769230775,6.773999999999999,True
4.596153846153847,6.773999999999999,True
4.615384615384616,6.773999999999999,True
4.634615384615385,6.773999999999999,True
4.653846153846154,6.773999999999999,True
4.673076923076923,6.773999999999999,True
4.6923076923076925,6.773999999999999,True
4.711538461538462,6.773999999999999,True
4.730769230769231,6.773999999999999,True
4.75,6.773999999999999,True
4.769230769230769,6.773999999999999,True
4.788461538461538,6.773999999999999,True
4.807692307692308,6.773999999999999,True
4.8269230769230775,6.773999999999999,True
4.846153846153847,6.773999999999999,True
4.865384615384616,6.773999999999999,True
4.884615384615385,6.773999999999999,True
4.903846153846154,6.773999999999999,True
4.923076923076923,6.773999999999999,True
4.9423076923076925,6.773999999999999,True
4.961538461538462,6.773999999999999,True
4.980769230769231,6.773999999999999,True
5.0,6.773999999999999,True
