model,mine,forward_quarter,sales_attributable_kt_scenario,cost_usd_per_lb_scenario,mean_copper_price_usd_per_lb,mean_cos_margin_usd_mn
black_scholes,Lumwana,1,40,3.14,6.600447759901367,305.15925652818225
black_scholes,Lumwana,2,40,3.14,6.675798343024627,311.8040405331038
black_scholes,Lumwana,3,40,3.14,6.762923450791713,319.4871598736771
black_scholes,Lumwana,4,40,3.14,6.771419551712631,320.2363877251878
black_scholes,Lumwana,5,40,3.14,6.78018711844442,321.00955476340664
black_scholes,Lumwana,6,40,3.14,6.78968892920048,321.8474710410601
black_scholes,Lumwana,7,40,3.14,6.763053647388334,319.4986412481651
black_scholes,Lumwana,8,40,3.14,6.7576196493261715,319.01944464596806
black_scholes,Lumwana,9,40,3.14,6.739461820392019,317.41819822869223
black_scholes,Lumwana,10,40,3.14,6.719841603836274,315.6879912981176
black_scholes,Lumwana,11,40,3.14,6.715847458160209,315.33576794162104
black_scholes,Lumwana,12,40,3.14,6.697172908825124,313.6889545849426
black_scholes,Lumwana,13,40,3.14,6.670186146792299,311.309129542222
black_scholes,Lumwana,14,40,3.14,6.671685313443172,311.44133341071944
black_scholes,Lumwana,15,40,3.14,6.659304883139024,310.3495663420496
black_scholes,Lumwana,16,40,3.14,6.665944202340823,310.9350540742881
black_scholes,Lumwana,17,40,3.14,6.669449904128013,311.2442040529078
black_scholes,Lumwana,18,40,3.14,6.680967409150842,312.25987413773123
black_scholes,Lumwana,19,40,3.14,6.676252253807392,311.84406861230326
black_scholes,Lumwana,20,40,3.14,6.678493059525351,312.0416738513825
black_scholes,Zaldivar,1,9,4.89,6.600447759901367,33.93802642472243
black_scholes,Zaldivar,2,9,4.89,6.675798343024627,35.433102825829764
black_scholes,Zaldivar,3,9,4.89,6.762923450791713,37.16180467745876
black_scholes,Zaldivar,4,9,4.89,6.771419551712631,37.33038094404866
black_scholes,Zaldivar,5,9,4.89,6.78018711844442,37.5043435276479
black_scholes,Zaldivar,6,9,4.89,6.78968892920048,37.692874690119936
black_scholes,Zaldivar,7,9,4.89,6.763053647388334,37.16438798671855
black_scholes,Zaldivar,8,9,4.89,6.7576196493261715,37.05656875122422
black_scholes,Zaldivar,9,9,4.89,6.739461820392019,36.69628830733716
black_scholes,Zaldivar,10,9,4.89,6.719841603836274,36.30699174795787
black_scholes,Zaldivar,11,9,4.89,6.715847458160209,36.227741492746134
black_scholes,Zaldivar,12,9,4.89,6.697172908825124,35.85720848749351
black_scholes,Zaldivar,13,9,4.89,6.670186146792299,35.32174785288137
black_scholes,Zaldivar,14,9,4.89,6.671685313443172,35.35149372329329
black_scholes,Zaldivar,15,9,4.89,6.659304883139024,35.10584613284257
black_scholes,Zaldivar,16,9,4.89,6.665944202340823,35.237580872596226
black_scholes,Zaldivar,17,9,4.89,6.669449904128013,35.30713961778566
black_scholes,Zaldivar,18,9,4.89,6.680967409150842,35.535665386870946
black_scholes,Zaldivar,19,9,4.89,6.676252253807392,35.44210914364964
black_scholes,Zaldivar,20,9,4.89,6.678493059525351,35.48657032244247
black_scholes,Jabal Sayid,1,5,2.63,6.600447759901367,43.766694751737234
black_scholes,Jabal Sayid,2,5,2.63,6.675798343024627,44.597292752352416
black_scholes,Jabal Sayid,3,5,2.63,6.762923450791713,45.55768266992408
black_scholes,Jabal Sayid,4,5,2.63,6.771419551712631,45.65133615136292
black_scholes,Jabal Sayid,5,5,2.63,6.78018711844442,45.74798203114027
black_scholes,Jabal Sayid,6,5,2.63,6.78968892920048,45.852721565846956
black_scholes,Jabal Sayid,7,5,2.63,6.763053647388334,45.55911784173508
black_scholes,Jabal Sayid,8,5,2.63,6.7576196493261715,45.499218266460446
black_scholes,Jabal Sayid,9,5,2.63,6.739461820392019,45.299062464300974
black_scholes,Jabal Sayid,10,5,2.63,6.719841603836274,45.082786597979144
black_scholes,Jabal Sayid,11,5,2.63,6.715847458160209,45.03875867841707
black_scholes,Jabal Sayid,12,5,2.63,6.697172908825124,44.83290700883227
black_scholes,Jabal Sayid,13,5,2.63,6.670186146792299,44.5354288784922
black_scholes,Jabal Sayid,14,5,2.63,6.671685313443172,44.55195436205438
black_scholes,Jabal Sayid,15,5,2.63,6.659304883139024,44.41548347847064
black_scholes,Jabal Sayid,16,5,2.63,6.665944202340823,44.488669445000454
black_scholes,Jabal Sayid,17,5,2.63,6.669449904128013,44.52731319232791
black_scholes,Jabal Sayid,18,5,2.63,6.680967409150842,44.65427195293085
black_scholes,Jabal Sayid,19,5,2.63,6.676252253807392,44.602296262252345
black_scholes,Jabal Sayid,20,5,2.63,6.678493059525351,44.626996917137255
heston,Lumwana,1,40,3.14,6.606113598173344,305.65889793722783
heston,Lumwana,2,40,3.14,6.677183733462407,311.92621105707263
heston,Lumwana,3,40,3.14,6.778422401382638,320.8539333571839
heston,Lumwana,4,40,3.14,6.748807392522851,318.2423366180424
heston,Lumwana,5,40,3.14,6.73833414789522,317.318754536833
heston,Lumwana,6,40,3.14,6.719442045943836,315.65275632338137
heston,Lumwana,7,40,3.14,6.703603015433518,314.2559929245333
heston,Lumwana,8,40,3.14,6.707754328613598,314.6220760824207
heston,Lumwana,9,40,3.14,6.6954394541728375,313.5360900513275
heston,Lumwana,10,40,3.14,6.714818734714518,315.2450500624212
heston,Lumwana,11,40,3.14,6.730784758263811,316.65301233033085
heston,Lumwana,12,40,3.14,6.696006058175312,313.58605597138694
heston,Lumwana,13,40,3.14,6.689211429171633,312.9868722590436
heston,Lumwana,14,40,3.14,6.67739851061914,311.94515116020835
heston,Lumwana,15,40,3.14,6.630839256916343,307.83932780142493
heston,Lumwana,16,40,3.14,6.599146890299017,305.04453946604565
heston,Lumwana,17,40,3.14,6.617138279982139,306.6311084538021
heston,Lumwana,18,40,3.14,6.654311220626631,309.9092006884216
heston,Lumwana,19,40,3.14,6.700587111403257,313.9900357145158
heston,Lumwana,20,40,3.14,6.816797288667948,324.2380191419876
heston,Zaldivar,1,9,4.89,6.606113598173344,34.05044574175767
heston,Zaldivar,2,9,4.89,6.677183733462407,35.46059119372275
heston,Zaldivar,3,9,4.89,6.778422401382638,37.46932871124778
heston,Zaldivar,4,9,4.89,6.748807392522851,36.88171944494094
heston,Zaldivar,5,9,4.89,6.73833414789522,36.67391347666883
heston,Zaldivar,6,9,4.89,6.719442045943836,36.299063878642215
heston,Zaldivar,7,9,4.89,6.703603015433518,35.98479211390139
heston,Zaldivar,8,9,4.89,6.707754328613598,36.067160824426054
heston,Zaldivar,9,9,4.89,6.6954394541728375,35.82281396743009
heston,Zaldivar,10,9,4.89,6.714818734714518,36.20732996992617
heston,Zaldivar,11,9,4.89,6.730784758263811,36.52412148020585
heston,Zaldivar,12,9,4.89,6.696006058175312,35.834056299443475
heston,Zaldivar,13,9,4.89,6.689211429171633,35.699239964166225
heston,Zaldivar,14,9,4.89,6.67739851061914,35.464852716928284
heston,Zaldivar,15,9,4.89,6.630839256916343,34.54104246120203
heston,Zaldivar,16,9,4.89,6.599146890299017,33.91221508574168
heston,Zaldivar,17,9,4.89,6.617138279982139,34.26919310798688
heston,Zaldivar,18,9,4.89,6.654311220626631,35.00676386077626
heston,Zaldivar,19,9,4.89,6.700587111403257,35.92495174164745
heston,Zaldivar,20,9,4.89,6.816797288667948,38.23074801282862
heston,Jabal Sayid,1,5,2.63,6.606113598173344,43.829149927867924
heston,Jabal Sayid,2,5,2.63,6.677183733462407,44.612564067848524
heston,Jabal Sayid,3,5,2.63,6.778422401382638,45.728529355362426
heston,Jabal Sayid,4,5,2.63,6.748807392522851,45.40207976296974
heston,Jabal Sayid,5,5,2.63,6.73833414789522,45.286632002818564
heston,Jabal Sayid,6,5,2.63,6.719442045943836,45.07838222613711
heston,Jabal Sayid,7,5,2.63,6.703603015433518,44.9037868012811
heston,Jabal Sayid,8,5,2.63,6.707754328613598,44.94954719601702
heston,Jabal Sayid,9,5,2.63,6.6954394541728375,44.813798942130376
heston,Jabal Sayid,10,5,2.63,6.714818734714518,45.02741894351709
heston,Jabal Sayid,11,5,2.63,6.730784758263811,45.203414227005794
heston,Jabal Sayid,12,5,2.63,6.696006058175312,44.82004468213781
heston,Jabal Sayid,13,5,2.63,6.689211429171633,44.745146718094894
heston,Jabal Sayid,14,5,2.63,6.67739851061914,44.61493158074049
heston,Jabal Sayid,15,5,2.63,6.630839256916343,44.10170366089257
heston,Jabal Sayid,16,5,2.63,6.599146890299017,43.75235511897015
heston,Jabal Sayid,17,5,2.63,6.617138279982139,43.950676242439705
heston,Jabal Sayid,18,5,2.63,6.654311220626631,44.36043777176714
heston,Jabal Sayid,19,5,2.63,6.700587111403257,44.87054215002891
heston,Jabal Sayid,20,5,2.63,6.816797288667948,46.151540078462894
bates_poisson,Lumwana,1,40,3.14,6.588853041935868,304.13677742735445
bates_poisson,Lumwana,2,40,3.14,6.657164743309875,310.16083831479915
bates_poisson,Lumwana,3,40,3.14,6.733716619109261,316.91155820009055
bates_poisson,Lumwana,4,40,3.14,6.723137958233189,315.9786799970404
bates_poisson,Lumwana,5,40,3.14,6.720045204967457,315.70594584450316
bates_poisson,Lumwana,6,40,3.14,6.737838829782014,317.2750749561376
bates_poisson,Lumwana,7,40,3.14,6.746382507582697,318.02849837026463
bates_poisson,Lumwana,8,40,3.14,6.736009459108914,317.1137520773511
bates_poisson,Lumwana,9,40,3.14,6.738896835141155,317.36837505808967
bates_poisson,Lumwana,10,40,3.14,6.742552076933498,317.6907122078386
bates_poisson,Lumwana,11,40,3.14,6.738261328872079,317.3123329982044
bates_poisson,Lumwana,12,40,3.14,6.743637143785046,317.7863987249243
bates_poisson,Lumwana,13,40,3.14,6.751945081537988,318.5190334253664
bates_poisson,Lumwana,14,40,3.14,6.7592929340994665,319.1670031045281
bates_poisson,Lumwana,15,40,3.14,6.767532563587806,319.89361404715385
bates_poisson,Lumwana,16,40,3.14,6.802795308599768,323.00325586162813
bates_poisson,Lumwana,17,40,3.14,6.78014488769669,321.00583064893533
bates_poisson,Lumwana,18,40,3.14,6.804710274589283,323.17212695525046
bates_poisson,Lumwana,19,40,3.14,6.8178647255744425,324.3321509640458
bates_poisson,Lumwana,20,40,3.14,6.898109746127302,331.408550468108
bates_poisson,Zaldivar,1,9,4.89,6.588853041935868,33.707968627036166
bates_poisson,Zaldivar,2,9,4.89,6.657164743309875,35.06338232671122
bates_poisson,Zaldivar,3,9,4.89,6.733716619109261,36.58229430090178
bates_poisson,Zaldivar,4,9,4.89,6.723137958233189,36.37239670521549
bates_poisson,Zaldivar,5,9,4.89,6.720045204967457,36.31103152089463
bates_poisson,Zaldivar,6,9,4.89,6.737838829782014,36.66408557101238
bates_poisson,Zaldivar,7,9,4.89,6.746382507582697,36.83360583919095
bates_poisson,Zaldivar,8,9,4.89,6.736009459108914,36.62778792328541
bates_poisson,Zaldivar,9,9,4.89,6.738896835141155,36.68507809395159
bates_poisson,Zaldivar,10,9,4.89,6.742552076933498,36.75760395264511
bates_poisson,Zaldivar,11,9,4.89,6.738261328872079,36.672468630477404
bates_poisson,Zaldivar,12,9,4.89,6.743637143785046,36.779133418989375
bates_poisson,Zaldivar,13,9,4.89,6.751945081537988,36.94397622658883
bates_poisson,Zaldivar,14,9,4.89,6.7592929340994665,37.08976940440023
bates_poisson,Zaldivar,15,9,4.89,6.767532563587806,37.25325686649103
bates_poisson,Zaldivar,16,9,4.89,6.802795308599768,37.95292627474774
bates_poisson,Zaldivar,17,9,4.89,6.78014488769669,37.503505601891845
bates_poisson,Zaldivar,18,9,4.89,6.804710274589283,37.99092227081276
bates_poisson,Zaldivar,19,9,4.89,6.8178647255744425,38.25192767279171
bates_poisson,Zaldivar,20,9,4.89,6.898109746127302,39.84411756120571
bates_poisson,Jabal Sayid,1,5,2.63,6.588853041935868,43.63888486413376
bates_poisson,Jabal Sayid,2,5,2.63,6.657164743309875,44.39189247506434
bates_poisson,Jabal Sayid,3,5,2.63,6.733716619109261,45.23573246072576
bates_poisson,Jabal Sayid,4,5,2.63,6.723137958233189,45.119122685344486
bates_poisson,Jabal Sayid,5,5,2.63,6.720045204967457,45.08503091627735
bates_poisson,Jabal Sayid,6,5,2.63,6.737838829782014,45.28117205523165
bates_poisson,Jabal Sayid,7,5,2.63,6.746382507582697,45.37534998199752
bates_poisson,Jabal Sayid,8,5,2.63,6.736009459108914,45.26100669538333
bates_poisson,Jabal Sayid,9,5,2.63,6.738896835141155,45.29283456797566
bates_poisson,Jabal Sayid,10,5,2.63,6.742552076933498,45.33312671169428
bates_poisson,Jabal Sayid,11,5,2.63,6.738261328872079,45.28582931049
bates_poisson,Jabal Sayid,12,5,2.63,6.743637143785046,45.345087526329976
bates_poisson,Jabal Sayid,13,5,2.63,6.751945081537988,45.436666863885236
bates_poisson,Jabal Sayid,14,5,2.63,6.7592929340994665,45.517663073780454
bates_poisson,Jabal Sayid,15,5,2.63,6.767532563587806,45.608489441608675
bates_poisson,Jabal Sayid,16,5,2.63,6.802795308599768,45.99719466841796
bates_poisson,Jabal Sayid,17,5,2.63,6.78014488769669,45.747516516831354
bates_poisson,Jabal Sayid,18,5,2.63,6.804710274589283,46.018303555120745
bates_poisson,Jabal Sayid,19,5,2.63,6.8178647255744425,46.16330655622017
bates_poisson,Jabal Sayid,20,5,2.63,6.898109746127302,47.04785649422794
full_bates_hawkes,Lumwana,1,40,3.14,6.6048094447836645,305.5438912946179
full_bates_hawkes,Lumwana,2,40,3.14,6.666073372531932,310.9464449353036
full_bates_hawkes,Lumwana,3,40,3.14,6.766650880879835,319.81586294142255
full_bates_hawkes,Lumwana,4,40,3.14,6.76421976498766,319.6014752177334
full_bates_hawkes,Lumwana,5,40,3.14,6.750408367564738,318.38351844981673
full_bates_hawkes,Lumwana,6,40,3.14,6.746374387489299,318.02778230060073
full_bates_hawkes,Lumwana,7,40,3.14,6.725373083988714,316.17578434917266
full_bates_hawkes,Lumwana,8,40,3.14,6.739019500859424,317.37919232278654
full_bates_hawkes,Lumwana,9,40,3.14,6.723566707994463,316.01648925395307
full_bates_hawkes,Lumwana,10,40,3.14,6.720820668503208,315.77433002263655
full_bates_hawkes,Lumwana,11,40,3.14,6.738624359343065,317.34434680575464
full_bates_hawkes,Lumwana,12,40,3.14,6.736136184274577,317.1249273240303
full_bates_hawkes,Lumwana,13,40,3.14,6.689745303898958,313.0339519510874
full_bates_hawkes,Lumwana,14,40,3.14,6.698538003555964,313.80933533392573
full_bates_hawkes,Lumwana,15,40,3.14,6.765089624054068,319.6781836567584
full_bates_hawkes,Lumwana,16,40,3.14,6.706987684279243,314.55446962472337
full_bates_hawkes,Lumwana,17,40,3.14,6.730302319502672,316.61046851407235
full_bates_hawkes,Lumwana,18,40,3.14,6.714008755761293,315.17362214548115
full_bates_hawkes,Lumwana,19,40,3.14,6.712930993141222,315.0785797513535
full_bates_hawkes,Lumwana,20,40,3.14,6.724931299456584,316.136825622232
full_bates_hawkes,Zaldivar,1,9,4.89,6.6048094447836645,34.02456924717043
full_bates_hawkes,Zaldivar,2,9,4.89,6.666073372531932,35.240143816324704
full_bates_hawkes,Zaldivar,3,9,4.89,6.766650880879835,37.23576286770148
full_bates_hawkes,Zaldivar,4,9,4.89,6.76421976498766,37.18752562987143
full_bates_hawkes,Zaldivar,5,9,4.89,6.750408367564738,36.91348535709018
full_bates_hawkes,Zaldivar,6,9,4.89,6.746374387489299,36.83344472351657
full_bates_hawkes,Zaldivar,7,9,4.89,6.725373083988714,36.41674518444526
full_bates_hawkes,Zaldivar,8,9,4.89,6.739019500859424,36.687511978508375
full_bates_hawkes,Zaldivar,9,9,4.89,6.723566707994463,36.38090378802085
full_bates_hawkes,Zaldivar,10,9,4.89,6.720820668503208,36.32641796097465
full_bates_hawkes,Zaldivar,11,9,4.89,6.738624359343065,36.679671737176214
full_bates_hawkes,Zaldivar,12,9,4.89,6.736136184274577,36.630302353788224
full_bates_hawkes,Zaldivar,13,9,4.89,6.689745303898958,35.70983289487607
full_bates_hawkes,Zaldivar,14,9,4.89,6.698538003555964,35.88429415601469
full_bates_hawkes,Zaldivar,15,9,4.89,6.765089624054068,37.20478502865204
full_bates_hawkes,Zaldivar,16,9,4.89,6.706987684279243,36.05194937144417
full_bates_hawkes,Zaldivar,17,9,4.89,6.730302319502672,36.51454912154769
full_bates_hawkes,Zaldivar,18,9,4.89,6.714008755761293,36.19125868861467
full_bates_hawkes,Zaldivar,19,9,4.89,6.712930993141222,36.16987414993595
full_bates_hawkes,Zaldivar,20,9,4.89,6.724931299456584,36.40797947088361
full_bates_hawkes,Jabal Sayid,1,5,2.63,6.6048094447836645,43.81477409754168
full_bates_hawkes,Jabal Sayid,2,5,2.63,6.666073372531932,44.490093302627386
full_bates_hawkes,Jabal Sayid,3,5,2.63,6.766650880879835,45.59877055339226
full_bates_hawkes,Jabal Sayid,4,5,2.63,6.76421976498766,45.57197208793112
full_bates_hawkes,Jabal Sayid,5,5,2.63,6.750408367564738,45.41972749194154
full_bates_hawkes,Jabal Sayid,6,5,2.63,6.746374387489299,45.375260473289536
full_bates_hawkes,Jabal Sayid,7,5,2.63,6.725373083988714,45.14376072936102
full_bates_hawkes,Jabal Sayid,8,5,2.63,6.739019500859424,45.294186726062755
full_bates_hawkes,Jabal Sayid,9,5,2.63,6.723566707994463,45.12384884245857
full_bates_hawkes,Jabal Sayid,10,5,2.63,6.720820668503208,45.09357893854402
full_bates_hawkes,Jabal Sayid,11,5,2.63,6.738624359343065,45.28983103643378
full_bates_hawkes,Jabal Sayid,12,5,2.63,6.736136184274577,45.26240360121823
full_bates_hawkes,Jabal Sayid,13,5,2.63,6.689745303898958,44.75103167960037
full_bates_hawkes,Jabal Sayid,14,5,2.63,6.698538003555964,44.84795460245516
full_bates_hawkes,Jabal Sayid,15,5,2.63,6.765089624054068,45.58156064280924
full_bates_hawkes,Jabal Sayid,16,5,2.63,6.706987684279243,44.941096388804866
full_bates_hawkes,Jabal Sayid,17,5,2.63,6.730302319502672,45.19809624997349
full_bates_hawkes,Jabal Sayid,18,5,2.63,6.714008755761293,45.01849045389959
full_bates_hawkes,Jabal Sayid,19,5,2.63,6.712930993141222,45.006610154633634
full_bates_hawkes,Jabal Sayid,20,5,2.63,6.724931299456584,45.13889088849345
