model,scope,rho,percentile,gold_only_usd_mn,gold_plus_copper_usd_mn,paired_copper_increment_usd_mn
black_scholes,finite_5y_primary,0.0,5,2553.444518460621,4839.63677236339,96.2681875591238
black_scholes,finite_5y_primary,0.0,25,8119.24202298416,10615.11438104305,1162.8537921087127
black_scholes,finite_5y_primary,0.0,50,13174.918657843467,15794.084795991646,2241.2144628200276
black_scholes,finite_5y_primary,0.0,75,19700.481575677244,22540.711772869483,3607.499782160354
black_scholes,finite_5y_primary,0.0,95,32690.41271352617,35632.211642742346,6498.5192114494985
black_scholes,signed_perpetuity_sensitivity,0.0,5,-6427.573175324829,3428.8682408287686,-3256.2399702445327
black_scholes,signed_perpetuity_sensitivity,0.0,25,26364.770270424407,38528.35354369536,2819.1672899585174
black_scholes,signed_perpetuity_sensitivity,0.0,50,60096.53983657478,74328.73187403314,9524.017157593466
black_scholes,signed_perpetuity_sensitivity,0.0,75,108103.03001054857,123527.17404164508,19256.656592540276
black_scholes,signed_perpetuity_sensitivity,0.0,95,222174.65370110763,236061.93213525598,42510.800236896284
black_scholes,finite_5y_primary,-0.5,5,2553.444518460621,6015.878255584721,104.22663194703529
black_scholes,finite_5y_primary,-0.5,25,8119.24202298416,11242.26717319209,1155.3383948653063
black_scholes,finite_5y_primary,-0.5,50,13174.918657843467,15911.11928855106,2233.3009196388566
black_scholes,finite_5y_primary,-0.5,75,19700.481575677244,21829.158307222147,3617.214452907851
black_scholes,finite_5y_primary,-0.5,95,32690.41271352617,34537.21458146021,6654.047177166491
black_scholes,signed_perpetuity_sensitivity,-0.5,5,-6427.573175324829,12976.247956202542,-3312.502918112274
black_scholes,signed_perpetuity_sensitivity,-0.5,25,26364.770270424407,42955.96285241096,2810.936750650686
black_scholes,signed_perpetuity_sensitivity,-0.5,50,60096.53983657478,73870.22826564868,9491.81874127424
black_scholes,signed_perpetuity_sensitivity,-0.5,75,108103.03001054857,118556.57549701791,19369.767066550005
black_scholes,signed_perpetuity_sensitivity,-0.5,95,222174.65370110763,227393.24969676018,42491.540885562565
black_scholes,finite_5y_primary,0.5,5,2553.444518460621,3884.09560476033,84.46943647264608
black_scholes,finite_5y_primary,0.5,25,8119.24202298416,10142.145965464792,1162.8311530793612
black_scholes,finite_5y_primary,0.5,50,13174.918657843467,15709.633066873394,2236.1123130742817
black_scholes,finite_5y_primary,0.5,75,19700.481575677244,22805.691375690116,3584.7377819807502
black_scholes,finite_5y_primary,0.5,95,32690.41271352617,37006.23548742563,6483.314644571252
black_scholes,signed_perpetuity_sensitivity,0.5,5,-6427.573175324829,-4441.991169530461,-3299.4703649826547
black_scholes,signed_perpetuity_sensitivity,0.5,25,26364.770270424407,33978.545933426314,2856.0546686688053
black_scholes,signed_perpetuity_sensitivity,0.5,50,60096.53983657478,72287.11121715662,9545.56208698631
black_scholes,signed_perpetuity_sensitivity,0.5,75,108103.03001054857,125654.9977103507,19241.93449003846
black_scholes,signed_perpetuity_sensitivity,0.5,95,222174.65370110763,248308.4137092073,43076.27202935409
heston,finite_5y_primary,0.0,5,2118.6589544560784,4116.742121950596,-208.56719034010783
heston,finite_5y_primary,0.0,25,8025.505919288623,10141.8186372417,819.0936197708133
heston,finite_5y_primary,0.0,50,13078.601814956433,15628.288195617111,1823.7889516955074
heston,finite_5y_primary,0.0,75,19569.693465825418,22516.334996321133,3311.380132484056
heston,finite_5y_primary,0.0,95,33309.61201708803,36805.86621511735,7853.547466497184
heston,signed_perpetuity_sensitivity,0.0,5,-9393.738746236902,-3422.6739208277922,-6306.622850646198
heston,signed_perpetuity_sensitivity,0.0,25,25915.430505714332,34610.169218408555,-589.3055688902987
heston,signed_perpetuity_sensitivity,0.0,50,59773.38085299532,72363.97333686301,5843.428638757312
heston,signed_perpetuity_sensitivity,0.0,75,108693.43305819886,125980.78014964997,16372.017984293954
heston,signed_perpetuity_sensitivity,0.0,95,230115.16430092743,249773.87522486452,54006.78743483021
heston,finite_5y_primary,-0.5,5,2118.6589544560784,5539.36053708025,-190.97430804235273
heston,finite_5y_primary,-0.5,25,8025.505919288623,11019.088515862953,816.5470114367113
heston,finite_5y_primary,-0.5,50,13078.601814956433,15697.527412324982,1820.6517209817303
heston,finite_5y_primary,-0.5,75,19569.693465825418,21990.39160793853,3319.410208748457
heston,finite_5y_primary,-0.5,95,33309.61201708803,35086.886239216874,7999.409706594865
heston,signed_perpetuity_sensitivity,-0.5,5,-9393.738746236902,7639.763880020656,-6242.404503047746
heston,signed_perpetuity_sensitivity,-0.5,25,25915.430505714332,40867.12188729696,-643.0848130039194
heston,signed_perpetuity_sensitivity,-0.5,50,59773.38085299532,73797.19630181516,5867.659157888655
heston,signed_perpetuity_sensitivity,-0.5,75,108693.43305819886,120397.07169834315,16575.318859232004
heston,signed_perpetuity_sensitivity,-0.5,95,230115.16430092743,233497.94528675717,54409.7652135535
heston,finite_5y_primary,0.5,5,2118.6589544560784,3049.861658498047,-231.74318029797888
heston,finite_5y_primary,0.5,25,8025.505919288623,9658.785717403494,814.6547844805451
heston,finite_5y_primary,0.5,50,13078.601814956433,15267.074856083824,1826.6368816273625
heston,finite_5y_primary,0.5,75,19569.693465825418,22755.647054742454,3299.9888424176415
heston,finite_5y_primary,0.5,95,33309.61201708803,38594.620448288224,7816.9817450012215
heston,signed_perpetuity_sensitivity,0.5,5,-9393.738746236902,-9517.95032934234,-6264.682268569788
heston,signed_perpetuity_sensitivity,0.5,25,25915.430505714332,29803.58049745045,-601.3653181588461
heston,signed_perpetuity_sensitivity,0.5,50,59773.38085299532,69423.1619013166,5898.640913955685
heston,signed_perpetuity_sensitivity,0.5,75,108693.43305819886,127862.79763833761,16439.551220880792
heston,signed_perpetuity_sensitivity,0.5,95,230115.16430092743,261828.52350891609,54000.47819973557
bates_poisson,finite_5y_primary,0.0,5,2201.922372519106,4104.939585386407,-222.84347631073206
bates_poisson,finite_5y_primary,0.0,25,7951.2301052743305,10192.588494154399,811.7475568702921
bates_poisson,finite_5y_primary,0.0,50,12833.195863353689,15621.817700340174,1867.538928900677
bates_poisson,finite_5y_primary,0.0,75,19345.361916409624,22307.129564828567,3423.463186629674
bates_poisson,finite_5y_primary,0.0,95,33475.07072252908,37044.650677821955,7982.266426268231
bates_poisson,signed_perpetuity_sensitivity,0.0,5,-8888.477723861055,-2201.829745672872,-6384.035329657994
bates_poisson,signed_perpetuity_sensitivity,0.0,25,24745.01045646274,34155.33949186093,-420.9180306566959
bates_poisson,signed_perpetuity_sensitivity,0.0,50,59118.18158745837,71660.09514965685,6045.36702917814
bates_poisson,signed_perpetuity_sensitivity,0.0,75,108840.1729628997,124745.98862924398,17106.67841726055
bates_poisson,signed_perpetuity_sensitivity,0.0,95,225322.75231079335,246945.2211991466,54444.21262908538
bates_poisson,finite_5y_primary,-0.5,5,2201.922372519106,5635.430054821176,-192.3296137214733
bates_poisson,finite_5y_primary,-0.5,25,7951.2301052743305,10866.947263333797,807.0838859701189
bates_poisson,finite_5y_primary,-0.5,50,12833.195863353689,15627.92908310801,1856.9718772700044
bates_poisson,finite_5y_primary,-0.5,75,19345.361916409624,21845.2998564888,3425.0448837122876
bates_poisson,finite_5y_primary,-0.5,95,33475.07072252908,35613.642156408874,8065.664298347214
bates_poisson,signed_perpetuity_sensitivity,-0.5,5,-8888.477723861055,8087.169732727628,-6461.545880716743
bates_poisson,signed_perpetuity_sensitivity,-0.5,25,24745.01045646274,40606.244909848945,-421.1991577393983
bates_poisson,signed_perpetuity_sensitivity,-0.5,50,59118.18158745837,73249.69356776087,6130.617760935398
bates_poisson,signed_perpetuity_sensitivity,-0.5,75,108840.1729628997,120105.5406622196,17057.022739754524
bates_poisson,signed_perpetuity_sensitivity,-0.5,95,225322.75231079335,234557.76895077768,54430.30202463288
bates_poisson,finite_5y_primary,0.5,5,2201.922372519106,3084.8950866605946,-267.67731724488624
bates_poisson,finite_5y_primary,0.5,25,7951.2301052743305,9540.323351733634,806.097976442186
bates_poisson,finite_5y_primary,0.5,50,12833.195863353689,15227.425333057296,1850.888066552333
bates_poisson,finite_5y_primary,0.5,75,19345.361916409624,22551.893652514562,3399.887609431668
bates_poisson,finite_5y_primary,0.5,95,33475.07072252908,39045.50172319828,7853.0569433301125
bates_poisson,signed_perpetuity_sensitivity,0.5,5,-8888.477723861055,-9785.97983204131,-6467.71312586165
bates_poisson,signed_perpetuity_sensitivity,0.5,25,24745.01045646274,28939.45194263054,-412.42553373891224
bates_poisson,signed_perpetuity_sensitivity,0.5,50,59118.18158745837,68725.72558715442,6019.679167906717
bates_poisson,signed_perpetuity_sensitivity,0.5,75,108840.1729628997,126221.60697899818,16942.079533657114
bates_poisson,signed_perpetuity_sensitivity,0.5,95,225322.75231079335,264837.8921228759,54082.42113508718
full_bates_hawkes,finite_5y_primary,0.0,5,2114.5162530372922,3955.4545514800516,-225.68033603447248
full_bates_hawkes,finite_5y_primary,0.0,25,7936.360723151716,10235.149591172765,831.858014969785
full_bates_hawkes,finite_5y_primary,0.0,50,12891.655420709347,15545.091802793679,1845.9950282594268
full_bates_hawkes,finite_5y_primary,0.0,75,19618.716460634292,22600.0382314257,3405.509758185166
full_bates_hawkes,finite_5y_primary,0.0,95,33657.03179286729,36743.72448448709,8122.201792512121
full_bates_hawkes,signed_perpetuity_sensitivity,0.0,5,-9703.66716831608,-3754.946592664784,-6530.962539999346
full_bates_hawkes,signed_perpetuity_sensitivity,0.0,25,24535.248816153497,34366.363567823486,-484.2286069304515
full_bates_hawkes,signed_perpetuity_sensitivity,0.0,50,59824.7395396775,72627.85862599651,6071.310942910509
full_bates_hawkes,signed_perpetuity_sensitivity,0.0,75,109946.28639050273,125328.49854724904,16956.392993429028
full_bates_hawkes,signed_perpetuity_sensitivity,0.0,95,223007.35952365102,247127.5715923421,54087.89051215657
full_bates_hawkes,finite_5y_primary,-0.5,5,2114.5162530372922,5313.524162900713,-218.4004880076125
full_bates_hawkes,finite_5y_primary,-0.5,25,7936.360723151716,10831.874630488684,832.6227717287256
full_bates_hawkes,finite_5y_primary,-0.5,50,12891.655420709347,15660.032979677417,1838.1854341703656
full_bates_hawkes,finite_5y_primary,-0.5,75,19618.716460634292,22210.91658128834,3407.0628179521163
full_bates_hawkes,finite_5y_primary,-0.5,95,33657.03179286729,35616.05397780437,8188.564683474501
full_bates_hawkes,signed_perpetuity_sensitivity,-0.5,5,-9703.66716831608,5903.736594079699,-6388.604206455301
full_bates_hawkes,signed_perpetuity_sensitivity,-0.5,25,24535.248816153497,39889.08671177368,-492.2310908691343
full_bates_hawkes,signed_perpetuity_sensitivity,-0.5,50,59824.7395396775,73947.84322259293,6080.484339377825
full_bates_hawkes,signed_perpetuity_sensitivity,-0.5,75,109946.28639050273,122329.61094863272,17070.478652570164
full_bates_hawkes,signed_perpetuity_sensitivity,-0.5,95,223007.35952365102,231404.4775697678,53710.29012950986
full_bates_hawkes,finite_5y_primary,0.5,5,2114.5162530372922,2973.5468609444156,-256.3787151619119
full_bates_hawkes,finite_5y_primary,0.5,25,7936.360723151716,9519.736768080758,829.6949899049177
full_bates_hawkes,finite_5y_primary,0.5,50,12891.655420709347,15197.368687912243,1828.3644246441463
full_bates_hawkes,finite_5y_primary,0.5,75,19618.716460634292,23091.203338781183,3360.3171052134085
full_bates_hawkes,finite_5y_primary,0.5,95,33657.03179286729,38587.89604318504,8080.919246367575
full_bates_hawkes,signed_perpetuity_sensitivity,0.5,5,-9703.66716831608,-11118.87493549857,-6492.411896631008
full_bates_hawkes,signed_perpetuity_sensitivity,0.5,25,24535.248816153497,28604.82822775975,-482.857404352726
full_bates_hawkes,signed_perpetuity_sensitivity,0.5,50,59824.7395396775,69374.02625905059,6085.7058717582
full_bates_hawkes,signed_perpetuity_sensitivity,0.5,75,109946.28639050273,128422.60205691241,16777.9238349509
full_bates_hawkes,signed_perpetuity_sensitivity,0.5,95,223007.35952365102,261758.9620541045,54476.980300006486
