model,scope,terminal_score_rho_assumption,paths,gold_only_mean_usd_mn,gold_plus_copper_mean_usd_mn,paired_copper_increment_mean_usd_mn,gold_plus_copper_median_usd_mn,gold_plus_copper_sd_usd_mn,mc_mean_increment_se_usd_mn
black_scholes,finite_5y_primary,0.0,8192,14857.02127567949,17483.603538526448,2626.5822628469596,15794.084795991646,9935.856882803888,22.95540226268102
black_scholes,signed_perpetuity_sensitivity,0.0,8192,78256.27419405105,91506.4338119789,13250.159617927853,74328.73187403314,80274.29780334115,171.57819355286304
black_scholes,finite_5y_primary,-0.5,8192,14857.02127567949,17497.109310794436,2640.088035114947,15911.11928855106,9206.93880197514,23.2704348711691
black_scholes,signed_perpetuity_sensitivity,-0.5,8192,78256.27419405105,91525.78390284863,13269.509708797592,73870.22826564868,74672.07514323661,172.19561454906332
black_scholes,finite_5y_primary,0.5,8192,14857.02127567949,17471.075599035532,2614.054323356043,15709.633066873394,10680.13174645822,22.858673159937
black_scholes,signed_perpetuity_sensitivity,0.5,8192,78256.27419405105,91535.60032435902,13279.326130307963,72287.11121715662,86914.7709697328,174.25103883447127
heston,finite_5y_primary,0.0,8192,14846.862464096805,17465.08902468166,2618.226560584859,15628.288195617111,10657.738619272193,39.36256123316022
heston,signed_perpetuity_sensitivity,0.0,8192,78473.98268578594,91737.39050291192,13263.407817125979,72363.97333686301,89667.5198752616,421.64195511239984
heston,finite_5y_primary,-0.5,8192,14846.862464096805,17487.7531755174,2640.890711420594,15697.527412324982,9797.21680972766,40.14164181760336
heston,signed_perpetuity_sensitivity,-0.5,8192,78473.98268578594,91935.71642568633,13461.733739900385,73797.19630181516,84217.735361345,472.0234717452517
heston,finite_5y_primary,0.5,8192,14846.862464096805,17448.202220931038,2601.339756834238,15267.074856083824,11750.020496578807,39.3613930381493
heston,signed_perpetuity_sensitivity,0.5,8192,78473.98268578594,91788.01343465137,13314.030748865422,69423.1619013166,99412.89543078588,400.60242514487874
bates_poisson,finite_5y_primary,0.0,8192,14799.34588160961,17465.74806684658,2666.4021852369715,15621.817700340174,10965.348993477528,40.38425007306728
bates_poisson,signed_perpetuity_sensitivity,0.0,8192,77778.85507541432,91582.77197276414,13803.91689734981,71660.09514965685,88750.52054525749,379.88614657228857
bates_poisson,finite_5y_primary,-0.5,8192,14799.34588160961,17486.98260230416,2687.6367206945474,15627.92908310801,10082.10733760523,41.209128060403835
bates_poisson,signed_perpetuity_sensitivity,-0.5,8192,77778.85507541432,91755.56849433594,13976.713418921614,73249.69356776087,81603.28844449455,403.3773105050176
bates_poisson,finite_5y_primary,0.5,8192,14799.34588160961,17446.430965096286,2647.085083486675,15227.425333057296,12075.168833837102,40.62663367087967
bates_poisson,signed_perpetuity_sensitivity,0.5,8192,77778.85507541432,91584.13767085891,13805.28259544458,68725.72558715442,99409.21230420863,395.63136973338646
full_bates_hawkes,finite_5y_primary,0.0,8192,14795.144800119582,17437.91038815806,2642.765588038477,15545.091802793679,10752.273851033155,37.048338092246006
full_bates_hawkes,signed_perpetuity_sensitivity,0.0,8192,77949.90738872706,91505.45744263116,13555.550053904095,72627.85862599651,87442.19695061253,366.4756637259835
full_bates_hawkes,finite_5y_primary,-0.5,8192,14795.144800119582,17458.127948589405,2662.9831484698248,15660.032979677417,9863.414725375389,37.35335552797492
full_bates_hawkes,signed_perpetuity_sensitivity,-0.5,8192,77949.90738872706,91407.68231929274,13457.774930565673,73947.84322259293,79061.65420115086,350.6428465520745
full_bates_hawkes,finite_5y_primary,0.5,8192,14795.144800119582,17416.271548343448,2621.1267482238636,15197.368687912243,11826.81873763865,36.823382073033976
full_bates_hawkes,signed_perpetuity_sensitivity,0.5,8192,77949.90738872706,91427.5736501498,13477.666261422732,69374.02625905059,97864.67536848088,358.00520657271056
